molecule,num_qubits,num_single_terms,num_groups,total_time,number_of_steps,num_initial_states,num_trajectories,seed,I_M,I_r,I_sig
h2_sto3g_jw,4,14,5,0.5278456670128142,100,100,1000,42,4.045015513606019,4.01624904503388,3.8757877384035324
lih_sto3g_full_jw,12,630,99,0.08084618051688323,100,100,1000,42,6.379596207698793,6.359119435496024,6.345664846085346
beh2_sto3g_full_jw,14,665,104,0.0464789034669148,100,100,1000,42,6.594313085522653,6.572161107669749,6.625023496066977
h2o_sto3g_full_jw,14,1085,166,0.013889240338260823,100,100,1000,42,4.71785225263688,4.699565352392157,4.783066885333636
nh3_sto3g_full_jw,16,3608,603,0.01427931694178474,100,100,1000,42,5.613179812745517,5.593440588395453,5.614447593336709
ch4_sto3g_full_jw,18,6891,994,0.014710876668363737,100,100,1000,42,7.033092685294931,,
n2_sto3g_full_jw,20,3066,355,0.008537523659542454,100,100,1000,42,5.138201852726597,,
h2o_ccpvdz_full_jw,48,128792,6655,0.0013948626777698118,100,100,1000,42,8.11720377922632,,
ch4_ccpvdz_full_jw,68,1737354,62575,0.0005229885899017937,100,100,1000,42,11.104849224254066,,
femoco_reiher_54e_54o_jw,108,9975186,248958,0.00037319432122313813,100,100,1000,42,5.650415951600479,,
